occurred_at;prev_commit;conflict_id;conflict_type;config_types;link;changed_artifact;changed_option;cmd;rating;notes;types
9aeabe3ad363d96cf59cf1600be3fbd37d2a33a6;422dd7aa22026b2672503494547da634036782ae;7fad1be7ddebc03f5dbe62c9ec048d8c;ModifiedOptionConflict;ConfigType.VERSION_NUMBER<->ConfigType.VERSION_NUMBER;vue::::package.json::::version::::version:2.4.3 <-> vue::::packages/vue-server-renderer/package.json::::version::::version:2.4.3;packages/vue-server-renderer/package.json;vue::::packages/vue-server-renderer/package.json::::version(location: 3);git show 9aeabe3ad363d96cf59cf1600be3fbd37d2a33a6 -- packages/vue-server-renderer/package.json;yes;file version changed;version number
b925094eb1a2b55bfc3b7f4971017f4edb6b8405;a3de4543e95330b9777a1d60022b9c653b96825c;ad01d8ba51a8bd7e72d3ffad2d3cc89d;ModifiedOptionConflict;ConfigType.VERSION_NUMBER<->ConfigType.VERSION_NUMBER;vue::::package.json::::version::::version:2.6.6 <-> vue::::packages/vue-server-renderer/package.json::::version::::version:2.6.6;packages/vue-server-renderer/package.json;vue::::packages/vue-server-renderer/package.json::::version(location: 3);git show b925094eb1a2b55bfc3b7f4971017f4edb6b8405 -- packages/vue-server-renderer/package.json;yes;file version changed;version number
cc4a76c750f207a2bd060cba11bab6352d5eacc9;d6c24ad58c7aff0ab56c9b8f493b1a665ac2ae72;482d6fda45518c12f1d9a59f0d6e01fd;ModifiedOptionConflict;ConfigType.VERSION_NUMBER<->ConfigType.VERSION_NUMBER;vue::::package.json::::version::::version:2.0.0-beta.3 <-> vue::::packages/vue-server-renderer/package.json::::version::::version:2.0.0-beta.3;packages/vue-server-renderer/package.json;vue::::packages/vue-server-renderer/package.json::::version(location: 3);git show cc4a76c750f207a2bd060cba11bab6352d5eacc9 -- packages/vue-server-renderer/package.json;yes;file version changed;version number
b51dea27b80fffe1d5af6e6cca397427fa4641fe;4e533877fde395ebae3fb33e5d92bd785edf9530;6aeef555a054971e0623f6e66bbd3008;ModifiedOptionConflict;ConfigType.VERSION_NUMBER<->ConfigType.VERSION_NUMBER;vue::::package.json::::version::::version:2.0.0-alpha.2 <-> vue::::packages/vue-server-renderer/package.json::::version::::version:2.0.0-alpha.2;packages/vue-server-renderer/package.json;vue::::packages/vue-server-renderer/package.json::::version(location: 3);git show b51dea27b80fffe1d5af6e6cca397427fa4641fe -- packages/vue-server-renderer/package.json;yes;file version changed;version number
8d9506927ec525d8f9b2fea63b64d841556bc9e2;ca07ddf887aec495500591918fb51de58d9e1b43;547055c0176c164a5748489ba737da59;ModifiedOptionConflict;ConfigType.VERSION_NUMBER<->ConfigType.VERSION_NUMBER;vue::::package.json::::version::::version:2.0.0-rc.3 <-> vue::::packages/vue-server-renderer/package.json::::version::::version:2.0.0-rc.3;packages/vue-server-renderer/package.json;vue::::packages/vue-server-renderer/package.json::::version(location: 3);git show 8d9506927ec525d8f9b2fea63b64d841556bc9e2 -- packages/vue-server-renderer/package.json;yes;file version changed;version number
290e38f2af962dd7fa465bd32dca26c9dbbe16d7;9bcaa717b3340f1954b09b282532d96cc11771f7;a04037e22d1304cd3166649932ee4402;ModifiedOptionConflict;ConfigType.VERSION_NUMBER<->ConfigType.VERSION_NUMBER;vue::::package.json::::devDependencies::::escodegen::::escodegen:^1.8.1 <-> vue::::packages/weex-template-compiler/package.json::::dependencies::::escodegen::::escodegen:^1.8.1;package.json;vue::::package.json::::devDependencies::::escodegen(location: 105);git show 290e38f2af962dd7fa465bd32dca26c9dbbe16d7 -- package.json;yes;library version changed;version number
1baf588f6373bf533933f01a180736f0ecd11fc2;6250ca8c8989f3b4f8c60d25064c30998ea5881f;be2a1135b841d18af5fb6782bc684515;ModifiedOptionConflict;ConfigType.VERSION_NUMBER<->ConfigType.VERSION_NUMBER;vue::::package.json::::version::::version:2.5.17-beta.0 <-> vue::::packages/vue-server-renderer/package.json::::version::::version:2.5.17-beta.0;packages/vue-server-renderer/package.json;vue::::packages/vue-server-renderer/package.json::::version(location: 3);git show 1baf588f6373bf533933f01a180736f0ecd11fc2 -- packages/vue-server-renderer/package.json;yes;file version changed;version number
8a78ba4d2e23ce3312ca47411945344e113b0af8;d5920d1135e7e7510db0b3bafd92ca5886f9b236;3dc0d4f528560abe212e2480fa9d097a;ModifiedOptionConflict;ConfigType.VERSION_NUMBER<->ConfigType.VERSION_NUMBER;vue::::package.json::::version::::version:2.0.0-alpha.4 <-> vue::::packages/vue-server-renderer/package.json::::version::::version:2.0.0-alpha.4;packages/vue-server-renderer/package.json;vue::::packages/vue-server-renderer/package.json::::version(location: 3);git show 8a78ba4d2e23ce3312ca47411945344e113b0af8 -- packages/vue-server-renderer/package.json;yes;file version changed;version number
157b4760434a27447e1e99c5d33767c8679d771f;c533e51fa115297077eb1479c7b6c84052d1af95;caf3ca34155915aa6f2391ee51b4014d;ModifiedOptionConflict;ConfigType.VERSION_NUMBER<->ConfigType.VERSION_NUMBER;vue::::package.json::::version::::version:2.6.0-beta.2 <-> vue::::packages/vue-server-renderer/package.json::::version::::version:2.6.0-beta.2;packages/vue-server-renderer/package.json;vue::::packages/vue-server-renderer/package.json::::version(location: 3);git show 157b4760434a27447e1e99c5d33767c8679d771f -- packages/vue-server-renderer/package.json;yes;file version changed;version number
c812cd188d496625e1cd5429017897595adfedea;eb49d3d83037093c1f65de384e156ea96c8b4c1f;51a8213da55917665adb2b5ada1dff72;ModifiedOptionConflict;ConfigType.VERSION_NUMBER<->ConfigType.VERSION_NUMBER;vue::::package.json::::version::::version:2.0.0-beta.4 <-> vue::::packages/vue-server-renderer/package.json::::version::::version:2.0.0-beta.4;packages/vue-server-renderer/package.json;vue::::packages/vue-server-renderer/package.json::::version(location: 3);git show c812cd188d496625e1cd5429017897595adfedea -- packages/vue-server-renderer/package.json;yes;file version changed;version number
6755f9ab1d5d5eb9862becb098b4f81d34b661ae;461ee97684d5d4dc182d96b245c5f2d04d1c8802;8d0f002cef5bac171b617fb6b8fc5231;ModifiedOptionConflict;ConfigType.VERSION_NUMBER<->ConfigType.VERSION_NUMBER;vue::::packages/vue-template-compiler/package.json::::dependencies::::he::::he:^1.1.0 <-> vue::::packages/weex-template-compiler/package.json::::dependencies::::he::::he:^1.1.0;packages/vue-template-compiler/package.json;vue::::packages/vue-template-compiler/package.json::::dependencies::::he(location: 25);git show 6755f9ab1d5d5eb9862becb098b4f81d34b661ae -- packages/vue-template-compiler/package.json;yes;library version changed;version number
0ba8abd04e8339c4fa909a67c9afd6c0e4d25b6b;3aa97aa9ea9ce94d8c50fceec40bab35a997bfca;9d2407dbef7ec6431449f16cedbf51ac;ModifiedOptionConflict;ConfigType.VERSION_NUMBER<->ConfigType.VERSION_NUMBER;vue::::package.json::::version::::version:2.0.0-beta.8 <-> vue::::packages/vue-template-compiler/package.json::::version::::version:2.0.0-beta.8;packages/vue-template-compiler/package.json;vue::::packages/vue-template-compiler/package.json::::version(location: 3);git show 0ba8abd04e8339c4fa909a67c9afd6c0e4d25b6b -- packages/vue-template-compiler/package.json;yes;file version changed;version number
6f34aef29cca92c2bfcc6e6195de7f4283966d3b;b494666b1f3f1868226b6a6a63d284e3736f60a9;37120b6086f4595df6eb86d13a095563;ModifiedOptionConflict;ConfigType.VERSION_NUMBER<->ConfigType.VERSION_NUMBER;vue::::package.json::::version::::version:2.5.4 <-> vue::::packages/vue-template-compiler/package.json::::version::::version:2.5.4;packages/vue-template-compiler/package.json;vue::::packages/vue-template-compiler/package.json::::version(location: 3);git show 6f34aef29cca92c2bfcc6e6195de7f4283966d3b -- packages/vue-template-compiler/package.json;yes;file version changed;version number
b34db326621d93dc3ab5df38df4e674c345a58aa;5a193a18ab82db45019289d78bc402e7f13d888b;db0c4de261e8010699b7e65bab0e14a0;ModifiedOptionConflict;ConfigType.VERSION_NUMBER<->ConfigType.VERSION_NUMBER;vue::::package.json::::version::::version:2.0.0-rc.8 <-> vue::::packages/vue-template-compiler/package.json::::version::::version:2.0.0-rc.8;packages/vue-template-compiler/package.json;vue::::packages/vue-template-compiler/package.json::::version(location: 3);git show b34db326621d93dc3ab5df38df4e674c345a58aa -- packages/vue-template-compiler/package.json;yes;file version changed;version number
d87b42cf0a2762308e33680cc190633fdb08786b;c8b3da26adc8f1be1740c8f60a9d2b1b3df450a4;e23412fafad6217b6c81631a177562be;ModifiedOptionConflict;ConfigType.VERSION_NUMBER<->ConfigType.VERSION_NUMBER;vue::::package.json::::version::::version:2.5.14 <-> vue::::packages/vue-template-compiler/package.json::::version::::version:2.5.14;packages/vue-template-compiler/package.json;vue::::packages/vue-template-compiler/package.json::::version(location: 3);git show d87b42cf0a2762308e33680cc190633fdb08786b -- packages/vue-template-compiler/package.json;yes;file version changed;version number
290e38f2af962dd7fa465bd32dca26c9dbbe16d7;9bcaa717b3340f1954b09b282532d96cc11771f7;66a7d1ada76bfccb203d556fef89b9c8;ModifiedOptionConflict;ConfigType.VERSION_NUMBER<->ConfigType.VERSION_NUMBER;vue::::package.json::::devDependencies::::serialize-javascript::::serialize-javascript:^3.1.0 <-> vue::::packages/vue-server-renderer/package.json::::dependencies::::serialize-javascript::::serialize-javascript:^3.1.0;package.json;vue::::package.json::::devDependencies::::serialize-javascript(location: 141);git show 290e38f2af962dd7fa465bd32dca26c9dbbe16d7 -- package.json;yes;library version changed;version number
51f76ece037140f68f5dfd87d9584c78fa54bde0;60efe210a21a7f27624c3973da98d24de4e13e85;9739e93e5ef2720d63f620ef5b593f53;ModifiedOptionConflict;ConfigType.VERSION_NUMBER<->ConfigType.VERSION_NUMBER;vue::::package.json::::version::::version:2.3.2 <-> vue::::packages/vue-template-compiler/package.json::::version::::version:2.3.2;packages/vue-template-compiler/package.json;vue::::packages/vue-template-compiler/package.json::::version(location: 3);git show 51f76ece037140f68f5dfd87d9584c78fa54bde0 -- packages/vue-template-compiler/package.json;yes;file version changed;version number
8d9506927ec525d8f9b2fea63b64d841556bc9e2;ca07ddf887aec495500591918fb51de58d9e1b43;b52c533dd40602bb637b35dcf6efa3d3;ModifiedOptionConflict;ConfigType.VERSION_NUMBER<->ConfigType.VERSION_NUMBER;vue::::package.json::::version::::version:2.0.0-rc.3 <-> vue::::packages/vue-template-compiler/package.json::::version::::version:2.0.0-rc.3;packages/vue-template-compiler/package.json;vue::::packages/vue-template-compiler/package.json::::version(location: 3);git show 8d9506927ec525d8f9b2fea63b64d841556bc9e2 -- packages/vue-template-compiler/package.json;yes;file version changed;version number
d100b9f4e38c3e2494368e181ff4a8684399d5a2;57fa9289c89c8198dcd1e929a6d6affe077b045b;e24671067f42afe35274b9ad4ea3cd16;ModifiedOptionConflict;ConfigType.UNKNOWN<->ConfigType.UNKNOWN;vue::::packages/vue-template-compiler/types/tsconfig.json::::compilerOptions::::target::::es5 <-> vue::::tsconfig.json::::compilerOptions::::target::::es5;tsconfig.json;vue::::tsconfig.json::::compilerOptions::::target(location: 6);git show d100b9f4e38c3e2494368e181ff4a8684399d5a2 -- tsconfig.json;yes;compilerOptions target changed;unknown
7869c3501e501a8ce5dd3ead96b6cfa0475595d8;9e3bc2b4fccbfa89fb45e5244bd6f00117fa22b8;5a24343a13a6a0b881769e0531896507;ModifiedOptionConflict;ConfigType.VERSION_NUMBER<->ConfigType.VERSION_NUMBER;vue::::package.json::::version::::version:2.0.2 <-> vue::::packages/vue-template-compiler/package.json::::version::::version:2.0.2;packages/vue-template-compiler/package.json;vue::::packages/vue-template-compiler/package.json::::version(location: 3);git show 7869c3501e501a8ce5dd3ead96b6cfa0475595d8 -- packages/vue-template-compiler/package.json;yes;file version changed;version number
55f488ce401f1a620c1ffb9eff428298120b67d5;22826ef11fa2507a20d8d3685ef75eeca072e8e9;f93976576c55fe7c9dc75611fc8435bc;ModifiedOptionConflict;ConfigType.VERSION_NUMBER<->ConfigType.VERSION_NUMBER;vue::::package.json::::version::::version:2.5.10 <-> vue::::packages/vue-template-compiler/package.json::::version::::version:2.5.10;packages/vue-template-compiler/package.json;vue::::packages/vue-template-compiler/package.json::::version(location: 3);git show 55f488ce401f1a620c1ffb9eff428298120b67d5 -- packages/vue-template-compiler/package.json;yes;file version changed;version number
51f76ece037140f68f5dfd87d9584c78fa54bde0;60efe210a21a7f27624c3973da98d24de4e13e85;aea12a8e2aab5fccf2e9d4873cd12515;ModifiedOptionConflict;ConfigType.VERSION_NUMBER<->ConfigType.VERSION_NUMBER;vue::::package.json::::version::::version:2.3.2 <-> vue::::packages/vue-server-renderer/package.json::::version::::version:2.3.2;packages/vue-server-renderer/package.json;vue::::packages/vue-server-renderer/package.json::::version(location: 3);git show 51f76ece037140f68f5dfd87d9584c78fa54bde0 -- packages/vue-server-renderer/package.json;yes;file version changed;version number
6691a603a3ec76258c2efebb7c164b39bc8470f5;c97d9edd2da1adc8f086c2d718721e13cce82185;b57feb3dd57f0aeb700022bf1b0483d4;ModifiedOptionConflict;ConfigType.VERSION_NUMBER<->ConfigType.VERSION_NUMBER;vue::::package.json::::version::::version:2.1.6 <-> vue::::packages/vue-template-compiler/package.json::::version::::version:2.1.6;packages/vue-template-compiler/package.json;vue::::packages/vue-template-compiler/package.json::::version(location: 3);git show 6691a603a3ec76258c2efebb7c164b39bc8470f5 -- packages/vue-template-compiler/package.json;yes;file version changed;version number
df424ffd7a82a2106a38fe4b7cb9ec380a815a27;ecc4ad18134087da88ec2b392e0c431ad708a31c;1023955c8cc6c3315c493d861c5cbc32;ModifiedOptionConflict;ConfigType.VERSION_NUMBER<->ConfigType.VERSION_NUMBER;vue::::package.json::::version::::version:2.5.8 <-> vue::::packages/vue-server-renderer/package.json::::version::::version:2.5.8;packages/vue-server-renderer/package.json;vue::::packages/vue-server-renderer/package.json::::version(location: 3);git show df424ffd7a82a2106a38fe4b7cb9ec380a815a27 -- packages/vue-server-renderer/package.json;yes;file version changed;version number
e17c9cf23369086f30b3c3dbd0cd14ccc5697aa3;c3a1f2980258c93d95ea11b85e72b75946e71433;2b09bf0f5382455f85a8fb8fbd852a32;ModifiedOptionConflict;ConfigType.VERSION_NUMBER<->ConfigType.VERSION_NUMBER;vue::::package.json::::version::::version:2.6.1 <-> vue::::packages/vue-template-compiler/package.json::::version::::version:2.6.1;packages/vue-template-compiler/package.json;vue::::packages/vue-template-compiler/package.json::::version(location: 3);git show e17c9cf23369086f30b3c3dbd0cd14ccc5697aa3 -- packages/vue-template-compiler/package.json;yes;file version changed;version number
dacd77ab65742f7e916159702b37f3d190e21690;44378dcc0fa5c613f2bf6fb02b1d1ef0475694fd;610799e8fcb4a2a43e5e7236d35e428c;ModifiedOptionConflict;ConfigType.VERSION_NUMBER<->ConfigType.VERSION_NUMBER;vue::::package.json::::version::::version:2.6.10 <-> vue::::packages/vue-template-compiler/package.json::::version::::version:2.6.10;packages/vue-template-compiler/package.json;vue::::packages/vue-template-compiler/package.json::::version(location: 3);git show dacd77ab65742f7e916159702b37f3d190e21690 -- packages/vue-template-compiler/package.json;yes;file version changed;version number
06dede8a5af8ed51e4b88f05f789317c8ac465b5;b6435305605182af41903e64aa5811008138e45e;b0fa216f51a77a04fd3c38a8ffaa4bea;ModifiedOptionConflict;ConfigType.VERSION_NUMBER<->ConfigType.VERSION_NUMBER;vue::::package.json::::version::::version:2.4.0 <-> vue::::packages/vue-server-renderer/package.json::::version::::version:2.4.0;packages/vue-server-renderer/package.json;vue::::packages/vue-server-renderer/package.json::::version(location: 3);git show 06dede8a5af8ed51e4b88f05f789317c8ac465b5 -- packages/vue-server-renderer/package.json;yes;file version changed;version number
a03adc5ebc1b4a3e45e68ed933f11d07af3c7c3f;f131970157bec91cd2b10fdf29523fc0fcb08a87;7fa2a915b6340f7a47513e2338bee557;ModifiedOptionConflict;ConfigType.VERSION_NUMBER<->ConfigType.VERSION_NUMBER;vue::::package.json::::devDependencies::::chalk::::chalk:^1.1.3 <-> vue::::packages/vue-server-renderer/package.json::::dependencies::::chalk::::chalk:^1.1.3;package.json;vue::::package.json::::devDependencies::::chalk(location: 73);git show a03adc5ebc1b4a3e45e68ed933f11d07af3c7c3f -- package.json;yes;library version changed;version number
b7a0773b970812e5ff7a066f5bad650b13335ae1;7ba9484b41fc67f4747ed834fe9ae360e9109756;94ec41140637b646be992ca4761174b8;ModifiedOptionConflict;ConfigType.VERSION_NUMBER<->ConfigType.VERSION_NUMBER;vue::::package.json::::version::::version:2.5.3 <-> vue::::packages/vue-server-renderer/package.json::::version::::version:2.5.3;packages/vue-server-renderer/package.json;vue::::packages/vue-server-renderer/package.json::::version(location: 3);git show b7a0773b970812e5ff7a066f5bad650b13335ae1 -- packages/vue-server-renderer/package.json;yes;file version changed;version number
7b4ed6f8925682bac2c8674e0c29130dad51dec6;16b74d1e1eff358d14ff58e33219b3f2bc5c11db;d30133c14e6766b4c3e5b309b0004007;ModifiedOptionConflict;ConfigType.VERSION_NUMBER<->ConfigType.VERSION_NUMBER;vue::::package.json::::version::::version:2.2.0 <-> vue::::packages/vue-server-renderer/package.json::::version::::version:2.2.0;packages/vue-server-renderer/package.json;vue::::packages/vue-server-renderer/package.json::::version(location: 3);git show 7b4ed6f8925682bac2c8674e0c29130dad51dec6 -- packages/vue-server-renderer/package.json;yes;file version changed;version number
bfe0dc5b405c960e8c1044761c6ab32502ac985a;566702c9cb25dec4564bb71be22ced0ab13c9c62;8c1b063b963d43e3a2a47b5ff1070b0b;ModifiedOptionConflict;ConfigType.VERSION_NUMBER<->ConfigType.VERSION_NUMBER;vue::::package.json::::version::::version:2.1.5 <-> vue::::packages/vue-server-renderer/package.json::::version::::version:2.1.5;packages/vue-server-renderer/package.json;vue::::packages/vue-server-renderer/package.json::::version(location: 3);git show bfe0dc5b405c960e8c1044761c6ab32502ac985a -- packages/vue-server-renderer/package.json;yes;file version changed;version number
8c207fb7562333aa35de09a288e386fe0fb8231e;899d12a161510a2c3752442011a88b4d15867948;62ea571ffa3d92da9d62743f0572d7aa;ModifiedOptionConflict;ConfigType.VERSION_NUMBER<->ConfigType.VERSION_NUMBER;vue::::package.json::::version::::version:2.3.0-beta.1 <-> vue::::packages/vue-template-compiler/package.json::::version::::version:2.3.0-beta.1;packages/vue-template-compiler/package.json;vue::::packages/vue-template-compiler/package.json::::version(location: 3);git show 8c207fb7562333aa35de09a288e386fe0fb8231e -- packages/vue-template-compiler/package.json;yes;file version changed;version number
ed4dbdad05db1f154c939f62edbf8ce3cfa94542;0b348506ac50b26c5227414dc513f1feb8d0b23f;62a6fb60ed87aa3c4f55bb1b1272485f;ModifiedOptionConflict;ConfigType.VERSION_NUMBER<->ConfigType.VERSION_NUMBER;vue::::package.json::::version::::version:2.0.0-alpha.1 <-> vue::::packages/vue-template-compiler/package.json::::version::::version:2.0.0-alpha.1;packages/vue-template-compiler/package.json;vue::::packages/vue-template-compiler/package.json::::version(location: 3);git show ed4dbdad05db1f154c939f62edbf8ce3cfa94542 -- packages/vue-template-compiler/package.json;yes;file version changed;version number
3c37cd6902960d9cf11dfb0f99e304c5db8220a7;a3e6d4a0b43fccb0cc8b3ebcd13e1d4d912ae756;e6f608600bb51425121c00aba90300f3;ModifiedOptionConflict;ConfigType.VERSION_NUMBER<->ConfigType.VERSION_NUMBER;vue::::package.json::::version::::version:2.2.1 <-> vue::::packages/vue-server-renderer/package.json::::version::::version:2.2.1;packages/vue-server-renderer/package.json;vue::::packages/vue-server-renderer/package.json::::version(location: 3);git show 3c37cd6902960d9cf11dfb0f99e304c5db8220a7 -- packages/vue-server-renderer/package.json;yes;file version changed;version number
b6bf0779d535926d28e7bbdbeb28d606809c484d;4980cf839f50b77b6052d90f7527d391d9c9e704;24102fea47bd8bf7a55b2fab6fa807d4;ModifiedOptionConflict;ConfigType.UNKNOWN<->ConfigType.UNKNOWN;vue::::packages/vue-template-compiler/types/tsconfig.json::::compilerOptions::::module::::commonjs <-> vue::::types/tsconfig.json::::compilerOptions::::module::::commonjs;types/tsconfig.json;vue::::types/tsconfig.json::::compilerOptions::::module(location: 7);git show b6bf0779d535926d28e7bbdbeb28d606809c484d -- types/tsconfig.json;yes;compilerOptions module changed;unknown
96ae6772888a7ea56bff7a785ed8e2378b45f691;a8896030cbebde3438cf8cd17de9a85c78420757;2e17737e6418560b714642f7beb7a264;ModifiedOptionConflict;ConfigType.VERSION_NUMBER<->ConfigType.VERSION_NUMBER;vue::::package.json::::version::::version:2.5.18-beta.0 <-> vue::::packages/vue-server-renderer/package.json::::version::::version:2.5.18-beta.0;packages/vue-server-renderer/package.json;vue::::packages/vue-server-renderer/package.json::::version(location: 3);git show 96ae6772888a7ea56bff7a785ed8e2378b45f691 -- packages/vue-server-renderer/package.json;yes;file version changed;version number
ac0977c99a83183afc2cd8e021b1a3646c9cdf5d;de65690afe1041599045de5aeacfef76b636a716;29f85307332bf46a8b757859f61a23a1;ModifiedOptionConflict;ConfigType.VERSION_NUMBER<->ConfigType.VERSION_NUMBER;vue::::package.json::::version::::version:2.0.0-alpha.7 <-> vue::::packages/vue-template-compiler/package.json::::version::::version:2.0.0-alpha.7;packages/vue-template-compiler/package.json;vue::::packages/vue-template-compiler/package.json::::version(location: 3);git show ac0977c99a83183afc2cd8e021b1a3646c9cdf5d -- packages/vue-template-compiler/package.json;yes;file version changed;version number
fc5996d1ef4020f96ab5e48bbd9dffa76ae93be0;2e366c73ff72acc7ec2fb2408cce9548190ee25a;462f28d20aeb12d09c3f64d8d3c8183e;ModifiedOptionConflict;ConfigType.VERSION_NUMBER<->ConfigType.VERSION_NUMBER;vue::::package.json::::version::::version:2.5.22 <-> vue::::packages/vue-template-compiler/package.json::::version::::version:2.5.22;packages/vue-template-compiler/package.json;vue::::packages/vue-template-compiler/package.json::::version(location: 3);git show fc5996d1ef4020f96ab5e48bbd9dffa76ae93be0 -- packages/vue-template-compiler/package.json;yes;file version changed;version number
dfacd69721d6020d154b9a4bc9174b4fba7495de;3dc7818ccedfd681613a52583c25ff0a500eb452;91ccca8fc3dfc11d193ecf1197e6c786;ModifiedOptionConflict;ConfigType.VERSION_NUMBER<->ConfigType.VERSION_NUMBER;vue::::package.json::::version::::version:2.0.0-alpha.6 <-> vue::::packages/vue-template-compiler/package.json::::version::::version:2.0.0-alpha.6;packages/vue-template-compiler/package.json;vue::::packages/vue-template-compiler/package.json::::version(location: 3);git show dfacd69721d6020d154b9a4bc9174b4fba7495de -- packages/vue-template-compiler/package.json;yes;file version changed;version number
290e38f2af962dd7fa465bd32dca26c9dbbe16d7;9bcaa717b3340f1954b09b282532d96cc11771f7;122387dc0197ead569470b1336273ffb;ModifiedOptionConflict;ConfigType.VERSION_NUMBER<->ConfigType.VERSION_NUMBER;vue::::package.json::::devDependencies::::acorn::::acorn:^8.1.0 <-> vue::::packages/weex-template-compiler/package.json::::dependencies::::acorn::::acorn:^8.1.0;package.json;vue::::package.json::::devDependencies::::acorn(location: 87);git show 290e38f2af962dd7fa465bd32dca26c9dbbe16d7 -- package.json;yes;library version changed;version number
d064594cef226f272485c80ccfa1a8b717333001;3e38f363da49458ddaae566a4c31bd8a27187dab;82df09d416830a7059518cc79e866166;ModifiedOptionConflict;ConfigType.VERSION_NUMBER<->ConfigType.VERSION_NUMBER;vue::::package.json::::version::::version:2.0.7 <-> vue::::packages/vue-server-renderer/package.json::::version::::version:2.0.7;packages/vue-server-renderer/package.json;vue::::packages/vue-server-renderer/package.json::::version(location: 3);git show d064594cef226f272485c80ccfa1a8b717333001 -- packages/vue-server-renderer/package.json;yes;file version changed;version number
8352fe05b85ba010aa41ce36c1003418c0c9b8ea;774d640900c74e7442528dd6ac3fdb3bd20068d2;224231dc547626c3ad24b56f6b9a5425;ModifiedOptionConflict;ConfigType.VERSION_NUMBER<->ConfigType.VERSION_NUMBER;vue::::package.json::::version::::version:2.2.0-beta.1 <-> vue::::packages/vue-template-compiler/package.json::::version::::version:2.2.0-beta.1;packages/vue-template-compiler/package.json;vue::::packages/vue-template-compiler/package.json::::version(location: 3);git show 8352fe05b85ba010aa41ce36c1003418c0c9b8ea -- packages/vue-template-compiler/package.json;yes;file version changed;version number
cfc0935c8b3eb429f7ba167deb77a910573e299a;96b89f94940d774e9f8d9496a0b6bfb615166b82;5fb69f4b99baeb374a5989af8bdd1e70;ModifiedOptionConflict;ConfigType.VERSION_NUMBER<->ConfigType.VERSION_NUMBER;vue::::package.json::::version::::version:2.0.0-alpha.8 <-> vue::::packages/vue-template-compiler/package.json::::version::::version:2.0.0-alpha.8;packages/vue-template-compiler/package.json;vue::::packages/vue-template-compiler/package.json::::version(location: 3);git show cfc0935c8b3eb429f7ba167deb77a910573e299a -- packages/vue-template-compiler/package.json;yes;file version changed;version number
87b9e26226f6d7180d3e70ae950f9d1ee7209291;6377d5878fca7af3355cdd38cdd48246f58615c0;cdc70a6b612e6ea6bcc66b43fd420658;ModifiedOptionConflict;ConfigType.VERSION_NUMBER<->ConfigType.VERSION_NUMBER;vue::::package.json::::version::::version:2.6.11 <-> vue::::packages/vue-server-renderer/package.json::::version::::version:2.6.11;packages/vue-server-renderer/package.json;vue::::packages/vue-server-renderer/package.json::::version(location: 3);git show 87b9e26226f6d7180d3e70ae950f9d1ee7209291 -- packages/vue-server-renderer/package.json;yes;file version changed;version number
290e38f2af962dd7fa465bd32dca26c9dbbe16d7;9bcaa717b3340f1954b09b282532d96cc11771f7;bb25ad1039212a868e38260a6fd39142;ModifiedOptionConflict;ConfigType.VERSION_NUMBER<->ConfigType.VERSION_NUMBER;vue::::package.json::::devDependencies::::hash-sum::::hash-sum:^1.0.2 <-> vue::::packages/vue-server-renderer/package.json::::dependencies::::hash-sum::::hash-sum:^1.0.2;package.json;vue::::package.json::::devDependencies::::hash-sum(location: 111);git show 290e38f2af962dd7fa465bd32dca26c9dbbe16d7 -- package.json;yes;library version changed;version number
1a2006232bf90c087f73e6db51baff62a4a3d5df;d3fd43e8719b18c3cc3ae0d3063e41ed2c9055df;1304afa0dc994a4b7f770db4f15515ac;ModifiedOptionConflict;ConfigType.VERSION_NUMBER<->ConfigType.VERSION_NUMBER;vue::::package.json::::version::::version:2.5.2 <-> vue::::packages/vue-template-compiler/package.json::::version::::version:2.5.2;packages/vue-template-compiler/package.json;vue::::packages/vue-template-compiler/package.json::::version(location: 3);git show 1a2006232bf90c087f73e6db51baff62a4a3d5df -- packages/vue-template-compiler/package.json;yes;file version changed;version number
cc4a76c750f207a2bd060cba11bab6352d5eacc9;d6c24ad58c7aff0ab56c9b8f493b1a665ac2ae72;010df3e21436beb5ee8aa10c848e5812;ModifiedOptionConflict;ConfigType.VERSION_NUMBER<->ConfigType.VERSION_NUMBER;vue::::package.json::::version::::version:2.0.0-beta.3 <-> vue::::packages/vue-template-compiler/package.json::::version::::version:2.0.0-beta.3;packages/vue-template-compiler/package.json;vue::::packages/vue-template-compiler/package.json::::version(location: 3);git show cc4a76c750f207a2bd060cba11bab6352d5eacc9 -- packages/vue-template-compiler/package.json;yes;file version changed;version number
b6bf0779d535926d28e7bbdbeb28d606809c484d;4980cf839f50b77b6052d90f7527d391d9c9e704;81c1e1c96ff1db1edf8803e595f0c6f3;ModifiedOptionConflict;ConfigType.UNKNOWN<->ConfigType.UNKNOWN;vue::::packages/vue-server-renderer/types/tsconfig.json::::compilerOptions::::target::::es5 <-> vue::::types/tsconfig.json::::compilerOptions::::target::::es5;types/tsconfig.json;vue::::types/tsconfig.json::::compilerOptions::::target(location: 3);git show b6bf0779d535926d28e7bbdbeb28d606809c484d -- types/tsconfig.json;yes;compilerOptions target changed;unknown
ed285a4445e3b309bbcc6f24f302aa1d1fab20ee;7752cbde7ebae744ba690be5447f1c31f6b83cdb;6848d2a7fdc532378f99d9657a1f0421;ModifiedOptionConflict;ConfigType.VERSION_NUMBER<->ConfigType.VERSION_NUMBER;vue::::package.json::::version::::version:2.1.0 <-> vue::::packages/vue-server-renderer/package.json::::version::::version:2.1.0;packages/vue-server-renderer/package.json;vue::::packages/vue-server-renderer/package.json::::version(location: 3);git show ed285a4445e3b309bbcc6f24f302aa1d1fab20ee -- packages/vue-server-renderer/package.json;yes;file version changed;version number
feee85c07094b5012267e19da89c2a0f999e4ed4;c64ae0c44d6eebc1fbcd3ead16d39dfc188620d8;3bad26ef04873859f77cb451f3331470;ModifiedOptionConflict;ConfigType.VERSION_NUMBER<->ConfigType.VERSION_NUMBER;vue::::package.json::::version::::version:2.5.1 <-> vue::::packages/vue-server-renderer/package.json::::version::::version:2.5.1;packages/vue-server-renderer/package.json;vue::::packages/vue-server-renderer/package.json::::version(location: 3);git show feee85c07094b5012267e19da89c2a0f999e4ed4 -- packages/vue-server-renderer/package.json;yes;file version changed;version number
